{
    "name": "Name",
    "userName": "User Name",
    "applicantName": "Applicant Name",
    "applicantEmail": "Applicant Email",
    "applicantMobile": "Applicant Mobile",
    "OfficerName": "Reporting/Nodal/Forwarding Officer Name",
    "OfficerEmail": "Reporting/Nodal/Forwarding Officer Email",
    "OfficerMobile": "Reporting/Nodal/Officer Mobile",
    "smsServiceReqd": "SMS Service Required",
    "credits_SMSQuota": "Credits (SMS Quota)",
    "availableCredit": "Available Credit",
    "nameOfTheApplication": "Name of the Application",
    "applicationUrl": "Application URL",
    "serverLocation": "Server Location",
    "password": "Password",
    "credit": "Credit",
    "onApprovalOf": "On Approval Of",
    "statusChangedBy": "Status Changed By",
    "timeStamp": "Time Stamp",
    "purpOfTheApplication": "Purpose of the Application",
    "ipformwhichSmsGatewaywillbeaccess": "IP Form which SMS Gateway will be access",
    "ipofStagingServReqdforTesting": "IP of Staging Server Required for Testing",
    "projectedDomesticMonthlySMStraffic": "Projected Domestic Monthly SMS Traffic",
    "projectedInternationalMonthlySMStraffic": "Projected International Monthly SMS Traffic",
    "applicationsecurAuditCleared": "Application Security Audit Cleared",
    "auditDatebyWhenItWillBeCleared": "Audit Date by when it will be cleared",
    "doYouHaveTRAIexemptedSenderId": "Do you have TRAI exempted Sender ID",
    "department": "Department",
    "departmentKey": "Department Key",
    "departmentVal": "Department Value",
    "designation": "Designation",
    "employeeCode": "Employee Code",
    "email": "Email Address",
    "mobileNo": "Mobile Number",
    "teleNumber": "Telephone Number(Office)",
    "officialAdd1": "Official Address Line 1",
    "officialAdd2": "Official Address Line 2",
    "officialAdd3": "Official Address Line 3",
    "city": "City",
    "state": "State",
    "pincode": "Pin Code",
    "smsTraffic": "SMS Traffic Month Wise",
    "fromDate": "From Date",
    "toDate": "To Date",
    "projectNo": "Project Number",
    "uploadDoc": "Upload Document",
    "changeDoc": "Update Document",
    "creditAdded": "Credit Added",
    "creditApprover": "Credit Approver",
    "creditDate": "Credit Date",
    "smsQuotaMatrix": "SMS Quota Approval Matrix",
    "creditPI": "Credit Added against the PI",
    "proformaIN": "Proforma Invoice Number",
    "invoiceDate": "Invoice Date",
    "poNumber": "Purchase Order Number",
    "poDate": "Purchase Order Date",
    "piAmount": "Amount",
    "piStatus": "PI Status",
    "paymentStatus": "Payment Status",
    "remark": "Remark",
    "piBillable": "PI Billable",
    "poBillable": "Billable Amount",
    "purchaseON": "Purchase Order Number",
    "projectName": "Project Name",
    "userId": "User ID",
    "date": "Date",
    "dateOfRequest" : "Date of Request",
    "poAmount": "PO Amount",
    "poStatus": "Status",
    "poStatusKey": "PO Status Key",
    "poStatusVal": "PO Status Value",
    "paymentStatusVal": "Payment Status Val",
    "piReceivedIn": "PI Received In",
    "piReceivedKey": "PI Received In Key",
    "piReceivedVal": "PI Received In Value",
    "paymentStatusKey": "Payment Status Key",
    "piStatusKey": "PI Status Key",
    "piStatusVal": "PI Status Value",
    "taxIN": "Tax Invoice Number",
    "invoiceAmount": "Invoice Amount",
    "billClaim": "Billable Claim",
    "reports": "Reports",
    "status": "Status",
    "accountName": "Account Name",
    "refNo": "Reference Number",
    "piOwner": "Owner",
    "piTraffic": "Traffic",
    "piNumber": "Proforma Invoice Number",
    "withoutTax": "Without Tax",
    "userEmail": "User Email ID",
    "poManagerEmail": "Manager Email ID",
    "poAmountWithTax": "Amount With Tax",
    "documentNo": "Document Number",
    "modeOfPayment": "Mode of Payment",
    "bankName": "Bank Name/Branch",
    "amountReceived": "Amount Received",
    "tds": "TDS",
    "nicsiProjectNumber": "NICSI Project Number",
    "invoiceStatus": "Invoice Status",
    "invoiceAmountPaid": "Invoice Amount Paid",
    "penalty": "Penalty",
    "shortPay": "Short Pay",
    "smsApproved": "SMS Approved",
    "submittedDate": "Submitted Date",
    "nicsiManager": "NICSI Manager",
    "rate": "Rate",
    "quantity": "Quantity",
    "description": "Description",
    "projectCordinator":"Project Coordinator",
    "PONoAmendOrder":"PO NO/Amend Order",
    "mail": "Mail",
    "totalSMS": "Total SMS",
    "counts": "Counts",
    "baseAmount": "Base Amount",
    "tax":"Tax",
    "recvDate":"Recv Date",
    "book": "Book",
    "dateEstimated": "Date Estimated",
    "invoiceAmount2": "Invoice Amount2",
    "bankReceived": "Bank Received",
    "interestOnTDSotherDeduction": "Interest On TDS/OtherDeduction",
    "receiptDate": "Receipt Date",
    "month": "Month",
    "year": "Year",
    "mrn": "MRN",
    "validationData": {
        "name": {
            "maxLength": {
                "rule": 50
            },
            "type": "alpha",
            "patternCheck":{
                "rule":"^[a-zA-Z][a-zA-Z\\s]+$",
                "msg": "Invalid Name"
            }
        },
        "userName": {
            "maxLength": {
                "rule": 50
            },
            "type": "alpha-numeric",
            "patternCheck":{
                "rule":"^[a-zA-Z][a-zA-Z\\s]+$",
                "msg": "Invalid UserName"
            }
        },
        "applicantName": {
            "maxLength": {
                "rule": 50
            },
            "type": "alpha"
        },
        "serverLocation": {
            "maxLength": {
                "rule": 50
            },
            "type":"alpha-numeric"
        },
        "smsGatewayAccess": {
            "maxLength": {
                "rule": 50
            }
        },
        "ipServReqd": {
            "maxLength": {
                "rule": 50
            }
        },
        "domMonSmsTraffic": {
            "maxLength": {
                "rule": 50
            },
            "type":"number"
        },
        "intMonSmsTraffic": {
            "maxLength": {
                "rule": 50
            },
            "type":"number"
        },
        "officerName": {
            "maxLength": {
                "rule": 50
            },
            "type": "alpha"
        },
        "appSecurAudClear": {
            "maxLength": {
                "rule": 50
            }
        },
        "traiSenderId": {
            "maxLength": {
                "rule": 50
            }
        },
        "purpOfTheApplication": {
            "maxLength": {
                "rule": 50
            },
            "type":"alpha-numeric"
        },
        "purchaseON": {
            "maxLength": {
                "rule": 10
            }
        },
        "projectNum": {
            "maxLength": {
                "rule": 15
            },
            "type":"alpha-numeric"
        },
        "projectName": {
            "maxLength": {
                "rule": 50
            },
            "type": "alpha-numeric"
        },
        "userId": {
            "maxLength": {
                "rule": 50
            }
        },
        "poAmount": {
            "maxLength": {
                "rule": 12
            },
            "type": "number"
        },
        "remark": {
            "maxLength": {
                "rule": 150
            }
        },
        "purchaseON": {
            "maxLength": {
                "rule": 10
            }
        },
        "projectNum": {
            "maxLength": {
                "rule": 15
            }
        },
        "projectName": {
            "maxLength": {
                "rule": 50
            }
        },
        "userId": {
            "maxLength": {
                "rule": 50
            }
        },
        "poAmount": {
            "maxLength": {
                "rule": 12
            },
            "type": "number"
        },
        "remark": {
            "maxLength": {
                "rule": 150
            }
        },
        "mobile": {
            "maxLength": {
                "rule": 10,
                "msg": "Should be 10 Digits"
            },
            "type": "number",
            "patternCheck": {
                "rule": "^[6-9][0-9]*$",
                "msg": "Invalid Mobile Number"
            }
        },
        "designation": {
            "maxLength": {
                "rule": 50
            },
            "type": "alpha"
        },
        "employeeCode": {
            "maxLength": {
                "rule": 20
            },
            "type":"alpha-numeric"
        },
        "email": {
            "maxLength": {
                "rule": 50
            },
            "patternCheck": {
                "rule": "^\\w+([.-]?\\w+)@\\w+([.-]?\\w+)(\\.\\w{2,10})+$",
                "msg": "Invalid email"
            }
        },
        "telephoneNumber": {
            "maxLength": {
                "rule": 8
            },
            "minLength": {
                "rule": 7,
                "msg":"Min 7 digits require"
            },
            "type": "number",
            "patternCheck": {
                "rule": "^[0-9]",
                "msg": "Invalid telephone number"
            }
        },
        "availableCredit": {
            "maxLength": {
                "rule": 12
            },
            "type": "number"
        },
        "creditsSMSQuota": {
            "maxLength": {
                "rule": 12
            },
            "patternCheck": {
                "rule": "^[0-9]{12}",
                "msg": "Should be Digits Only"
            }
        },
        "officeAddress": {
            "maxLength": {
                "rule": 50
         },
         "type": "alpha-numeric"
        },
        "city": {
            "maxLength": {
                "rule": 25
            },
            "type": "alpha"
        },
        "state": {
            "maxLength": {
                "rule": 25
            },
            "type": "alpha"
        },
        "pincode": {
            "maxLength": {
                "rule": 6,
                "msg": "Should be 6 Digits"
            },
            "type": "number"
        },
        "smsTraffic": {
            "maxLength": {
                "rule": 12
            },
            "patternCheck": {
                "rule": "^[0-9]{12}",
                "msg": "Should be Digits Only"
            }
        },
        "projectNo": {
            "maxLength": {
                "rule": 15
            },
            "type": "alpha-numeric"
        },
        "proformaIN": {
            "maxLength": {
                "rule": 15
            },
            "type": "alpha-numeric"
        },
        
        "UserId": {
            "maxLength": {
                "rule": 50
            },
            "type": "number"
        },
        "proformaPN": {
            "maxLength": {
                "rule": 15
            }
        },
        "poNumber": {
            "maxLength": {
                "rule": 15
            },
            "type": "alpha-numeric"
        },
        "piAmount": {
            "maxLength": {
                "rule": 12
            },
            "type": "number"
        },
        "creditAdded": {
            "maxLength": {
                "rule": 6
            }
        },
        "creditApprover": {
            "maxLength": {
                "rule": 50
            }
        },
        "refNo": {
            "maxLength": {
                "rule": 15
            },
            "type": "alpha-numeric"
        },
        "piOwner": {
            "maxLength": {
                "rule": 50
            },
            "type": "alpha"
        },
        "piTraffic": {
            "maxLength": {
                "rule": 15
            },
            "type": "number"
        },
        "piNumber": {
            "maxLength": {
                "rule": 15
            },
            "type": "alpha-numeric"
        },
        "withoutTax": {
            "maxLength": {
                "rule": 12
            },
            "type": "number"
        },
        "poAmountWithTax": {
            "maxLength": {
                "rule": 12
            },
            "type": "number"
        },
        "documentNo": {
            "maxLength": {
                "rule": 10
            },
            "type": "number"
        },
        "bankName": {
            "maxLength": {
                "rule": 50
            },
            "type": "alpha"
        },
        "amountReceived": {
            "maxLength": {
                "rule": 12
            },
            "type": "number"
        },
        "tds": {
            "maxLength": {
                "rule": 12
            },
            "type": "number"
        },
        "nicsiProjectNumber": {
            "maxLength": {
                "rule": 15
            },
            "type": "alpha-numeric"
        },
        "invoiceAmountPaid": {
            "maxLength": {
                "rule": "12"
            },
            "type": "number"
        },
        "penalty": {
            "maxLength": {
                "rule": "12"
            },
            "type": "number"
        },
        "shortPay": {
            "maxLength": {
                "rule": "12"
            },
            "type": "number"
        },
        "smsApproved": {
            "maxLength": {
                "rule": "10"
            },
            "type": "number"
        },
        "poBillable": {
            "maxLength": {
                "rule": "10"
            },
            "type": "number"
        },
        "invoiceAmount": {
            "maxLength": {
                "rule": "12"
            },
            "type": "number"
        },
        "taxIN": {
            "maxLength": {
                "rule": 15
            },
            "type" : "alpha-numeric"
        },
        "nicsiManager": {
            "maxLength": {
                "rule": "50"
            },
            "type": "alpha"
        },
        "rate": {
            "maxLength": {
                "rule": "10"
            },
            "type": "number"
        },
        "quantity": {
            "maxLength": {
                "rule": "10"
            },
            "type": "number"
        },
        "description": {
            "maxLength": {
                "rule": "2000"
            }
        },
        "projectCordinator": {
            "maxLength": {
                "rule": "50"
            },
            "type": "alpha"
        },
        "PONoAmendOrder": {
            "maxLength": {
                "rule": "25"
            },
            "type": "alpha-numeric"
        },
        "mail": {
            "maxLength": {
                "rule": 50
            },
            "patternCheck": {
                "rule": "^\\w+([.-]?\\w+)@\\w+([.-]?\\w+)(\\.\\w{2,10})+$",
                "msg": "Invalid email"
            }
        },
        "totalSMS": {
            "maxLength": {
                "rule": 12
            },
            "type" : "number"
        },
        "counts": {
            "maxLength": {
                "rule": "12"
            },
            "type": "number"
        },
        "baseAmount": {
            "maxLength": {
                "rule": "12"
            },
            "type": "number"
        },
        "tax": {
            "maxLength": {
                "rule": "12"
            },
            "type": "number"
        },
        "book": {
            "maxLength": {
                "rule": "25"
            },
            "type": "alpha-numeric"
        },
        "invoiceAmount2": {
            "maxLength": {
                "rule": "12"
            },
            "type": "number"
        },
        "bankReceived": {
            "maxLength": {
                "rule": "25"
            },
            "type": "alpha-numeric"
        },
        "interestOnTDSotherDeduction": {
            "maxLength": {
                "rule": "12"
            },
            "type": "number"
        },
        "mrn": {
            "maxLength": {
                "rule": "70"
            },
            "type": "alpha-numeric"
        }
    }
}